{"cameraMode":{"drawMode":0,"name":"Shaded","section":"Shading Mode"},"sceneLighting":true,"audioPlay":false,"sceneViewState":{"showFog":true,"showMaterialUpdate":false,"showSkybox":true,"showFlares":true,"showImageEffects":true,"showParticleSystems":true},"in2DMode":false,"pivot":{"x":-95.23229217529297,"y":-62.492130279541019,"z":13.650777816772461},"rotation":{"x":-0.22013965249061585,"y":0.6237753629684448,"z":-0.18889811635017396,"w":-0.7257652878761292},"size":68.80110168457031,"orthographic":false}