{"cameraMode":{"drawMode":0,"name":"Shaded","section":"Shading Mode"},"sceneLighting":true,"audioPlay":false,"sceneViewState":{"showFog":true,"showMaterialUpdate":false,"showSkybox":true,"showFlares":true,"showImageEffects":true,"showParticleSystems":true},"in2DMode":false,"pivot":{"x":164.68826293945313,"y":-52.631385803222659,"z":57.38199234008789},"rotation":{"x":0.13527527451515199,"y":0.5797803997993469,"z":-0.0988323763012886,"w":0.7975049018859863},"size":87.59690856933594,"orthographic":false}