{"cameraMode":{"drawMode":0,"name":"Shaded","section":"Shading Mode"},"sceneLighting":true,"audioPlay":false,"sceneViewState":{"showFog":true,"showMaterialUpdate":false,"showSkybox":true,"showFlares":true,"showImageEffects":true,"showParticleSystems":true},"in2DMode":false,"pivot":{"x":-80.04486083984375,"y":-23.718994140625,"z":35.6722412109375},"rotation":{"x":-0.13492532074451447,"y":0.47927165031433108,"z":-0.07462332397699356,"w":-0.8639194965362549},"size":46.390506744384769,"orthographic":false}